{"cameraMode":{"drawMode":0,"name":"Shaded","section":"Shading Mode"},"sceneLighting":false,"audioPlay":false,"sceneViewState":{"showFog":true,"showMaterialUpdate":false,"showSkybox":true,"showFlares":true,"showImageEffects":true,"showParticleSystems":true},"in2DMode":false,"pivot":{"x":2.131772756576538,"y":1.5210472345352173,"z":4.938928604125977},"rotation":{"x":-0.08737656474113465,"y":0.8106241822242737,"z":-0.1252334713935852,"w":-0.5653344392776489},"size":2.1363461017608644,"orthographic":false}