{"cameraMode":{"drawMode":0,"name":"Shaded","section":"Shading Mode"},"sceneLighting":false,"audioPlay":false,"sceneViewState":{"showFog":true,"showMaterialUpdate":false,"showSkybox":true,"showFlares":true,"showImageEffects":true,"showParticleSystems":true},"in2DMode":false,"pivot":{"x":5.8957648277282719,"y":0.5310178995132446,"z":3.086479425430298},"rotation":{"x":0.18944327533245088,"y":-0.16844452917575837,"z":0.033005982637405398,"w":0.9667820334434509},"size":3.429304361343384,"orthographic":false}