{"cameraMode":{"drawMode":0,"name":"Shaded","section":"Shading Mode"},"sceneLighting":false,"audioPlay":false,"sceneViewState":{"showFog":true,"showMaterialUpdate":false,"showSkybox":true,"showFlares":true,"showImageEffects":true,"showParticleSystems":true},"in2DMode":false,"pivot":{"x":10.091733932495118,"y":-2.1673152446746828,"z":5.061755180358887},"rotation":{"x":0.08236806094646454,"y":0.526237964630127,"z":-0.051321957260370257,"w":0.8448000550270081},"size":12.496519088745118,"orthographic":false}