{"cameraMode":{"drawMode":0,"name":"Shaded","section":"Shading Mode"},"sceneLighting":false,"audioPlay":false,"sceneViewState":{"showFog":true,"showMaterialUpdate":false,"showSkybox":true,"showFlares":true,"showImageEffects":true,"showParticleSystems":true},"in2DMode":false,"pivot":{"x":5.503157615661621,"y":0.6268585324287415,"z":2.956751585006714},"rotation":{"x":0.17259278893470765,"y":-0.231059730052948,"z":0.04168675094842911,"w":0.956610918045044},"size":2.8293044567108156,"orthographic":false}