{"cameraMode":{"drawMode":0,"name":"Shaded","section":"Shading Mode"},"sceneLighting":false,"audioPlay":false,"sceneViewState":{"showFog":true,"showMaterialUpdate":false,"showSkybox":true,"showFlares":true,"showImageEffects":true,"showParticleSystems":true},"in2DMode":false,"pivot":{"x":7.119893550872803,"y":0.8559607267379761,"z":11.226285934448243},"rotation":{"x":-0.09180689603090286,"y":-0.6437538266181946,"z":0.07821030169725418,"w":-0.7556740045547485},"size":1.6294615268707276,"orthographic":false}