{"cameraMode":{"drawMode":0,"name":"Shaded","section":"Shading Mode"},"sceneLighting":false,"audioPlay":false,"sceneViewState":{"showFog":true,"showMaterialUpdate":false,"showSkybox":true,"showFlares":true,"showImageEffects":true,"showParticleSystems":true},"in2DMode":false,"pivot":{"x":-2.053037166595459,"y":0.751045823097229,"z":0.21359099447727204},"rotation":{"x":-0.07094379514455795,"y":-0.7056268453598023,"z":0.0713682547211647,"w":-0.7014138698577881},"size":0.7416588664054871,"orthographic":false}