{"cameraMode":{"drawMode":0,"name":"Shaded","section":"Shading Mode"},"sceneLighting":false,"audioPlay":false,"sceneViewState":{"showFog":true,"showMaterialUpdate":false,"showSkybox":true,"showFlares":true,"showImageEffects":true,"showParticleSystems":true},"in2DMode":false,"pivot":{"x":6.921747207641602,"y":0.7830164432525635,"z":10.821809768676758},"rotation":{"x":-0.18857631087303163,"y":-0.6219190359115601,"z":0.15774227678775788,"w":-0.7434948682785034},"size":1.6294615268707276,"orthographic":false}