{"cameraMode":{"drawMode":0,"name":"Shaded","section":"Shading Mode"},"sceneLighting":false,"audioPlay":false,"sceneViewState":{"showFog":true,"showMaterialUpdate":false,"showSkybox":true,"showFlares":true,"showImageEffects":true,"showParticleSystems":true},"in2DMode":false,"pivot":{"x":5.69854736328125,"y":1.4073203802108765,"z":1.8308744430541993},"rotation":{"x":0.06888552755117417,"y":0.04188781604170799,"z":-0.0028961480129510166,"w":0.996751070022583},"size":3.429304361343384,"orthographic":false}