{"cameraMode":{"drawMode":0,"name":"Shaded","section":"Shading Mode"},"sceneLighting":false,"audioPlay":false,"sceneViewState":{"showFog":true,"showMaterialUpdate":false,"showSkybox":true,"showFlares":true,"showImageEffects":true,"showParticleSystems":true},"in2DMode":false,"pivot":{"x":2.243410587310791,"y":1.1841813325881959,"z":4.420680999755859},"rotation":{"x":-0.007929015904664994,"y":0.9919773936271668,"z":-0.09732327610254288,"w":-0.08051128685474396},"size":2.1363461017608644,"orthographic":false}