{"cameraMode":{"drawMode":0,"name":"Shaded","section":"Shading Mode"},"sceneLighting":false,"audioPlay":false,"sceneViewState":{"showFog":true,"showMaterialUpdate":false,"showSkybox":true,"showFlares":true,"showImageEffects":true,"showParticleSystems":true},"in2DMode":false,"pivot":{"x":0.285100519657135,"y":0.14564895629882813,"z":-0.4207453429698944},"rotation":{"x":-0.00466069346293807,"y":-0.993698239326477,"z":0.10261500626802445,"w":-0.045351143926382068},"size":2.601574420928955,"orthographic":false}