{"cameraMode":{"drawMode":0,"name":"Shaded","section":"Shading Mode"},"sceneLighting":false,"audioPlay":false,"sceneViewState":{"showFog":true,"showMaterialUpdate":false,"showSkybox":true,"showFlares":true,"showImageEffects":true,"showParticleSystems":true},"in2DMode":false,"pivot":{"x":6.972719192504883,"y":5.098494529724121,"z":0.1366969645023346},"rotation":{"x":0.11745654791593552,"y":-0.6545642018318176,"z":0.10395382344722748,"w":0.7395683526992798},"size":2.8578836917877199,"orthographic":false}