{"cameraMode":{"drawMode":0,"name":"Shaded","section":"Shading Mode"},"sceneLighting":false,"audioPlay":false,"sceneViewState":{"showFog":true,"showMaterialUpdate":false,"showSkybox":true,"showFlares":true,"showImageEffects":true,"showParticleSystems":true},"in2DMode":false,"pivot":{"x":0.01084212213754654,"y":-4.979295253753662,"z":4.15062141418457},"rotation":{"x":-0.19076044857501985,"y":-0.3886432349681854,"z":0.08259249478578568,"w":-0.8976423740386963},"size":11.256464004516602,"orthographic":false}