{"cameraMode":{"drawMode":0,"name":"Shaded","section":"Shading Mode"},"sceneLighting":false,"audioPlay":false,"sceneViewState":{"showFog":true,"showMaterialUpdate":false,"showSkybox":true,"showFlares":true,"showImageEffects":true,"showParticleSystems":true},"in2DMode":false,"pivot":{"x":1.6366926431655884,"y":0.7229164838790894,"z":0.435454398393631},"rotation":{"x":-0.0015037116827443243,"y":-0.9979032874107361,"z":0.059945859014987949,"w":-0.025156499817967416},"size":0.9043444991111755,"orthographic":false}