{"cameraMode":{"drawMode":0,"name":"Shaded","section":"Shading Mode"},"sceneLighting":false,"audioPlay":false,"sceneViewState":{"showFog":true,"showMaterialUpdate":false,"showSkybox":true,"showFlares":true,"showImageEffects":true,"showParticleSystems":true},"in2DMode":false,"pivot":{"x":1.6373000144958497,"y":1.4670000076293946,"z":0.2574999928474426},"rotation":{"x":0.045786552131175998,"y":0.6887683272361755,"z":-0.043649822473526,"w":0.7222330570220947},"size":0.673180878162384,"orthographic":false}