{"cameraMode":{"drawMode":0,"name":"Shaded","section":"Shading Mode"},"sceneLighting":true,"audioPlay":false,"sceneViewState":{"showFog":true,"showMaterialUpdate":false,"showSkybox":true,"showFlares":true,"showImageEffects":true,"showParticleSystems":true},"in2DMode":false,"pivot":{"x":425.5474548339844,"y":188.13868713378907,"z":26.07479476928711},"rotation":{"x":-0.004499160684645176,"y":-0.0015000611310824752,"z":-0.000007024010301392991,"w":1.0000007152557374},"size":1233.322509765625,"orthographic":false}