{"cameraMode":{"drawMode":0,"name":"Shaded","section":"Shading Mode"},"sceneLighting":false,"audioPlay":false,"sceneViewState":{"showFog":true,"showMaterialUpdate":false,"showSkybox":true,"showFlares":true,"showImageEffects":true,"showParticleSystems":true},"in2DMode":false,"pivot":{"x":8.363737106323243,"y":1.91787588596344,"z":1.393641471862793},"rotation":{"x":0.2497539520263672,"y":-0.5107009410858154,"z":0.1579798310995102,"w":0.8073868751525879},"size":2.8578836917877199,"orthographic":false}