{"cameraMode":{"drawMode":0,"name":"Shaded","section":"Shading Mode"},"sceneLighting":false,"audioPlay":false,"sceneViewState":{"showFog":true,"showMaterialUpdate":false,"showSkybox":true,"showFlares":true,"showImageEffects":true,"showParticleSystems":true},"in2DMode":false,"pivot":{"x":-0.6603463292121887,"y":0.3614417612552643,"z":0.15751822292804719},"rotation":{"x":0.07502772659063339,"y":0.7157101035118103,"z":-0.07780980318784714,"w":0.6900008320808411},"size":1.2144536972045899,"orthographic":false}