{"cameraMode":{"drawMode":0,"name":"Shaded","section":"Shading Mode"},"sceneLighting":false,"audioPlay":false,"sceneViewState":{"showFog":true,"showMaterialUpdate":false,"showSkybox":true,"showFlares":true,"showImageEffects":true,"showParticleSystems":true},"in2DMode":false,"pivot":{"x":6.014857769012451,"y":0.973666787147522,"z":10.580608367919922},"rotation":{"x":-0.15414050221443177,"y":-0.6718754172325134,"z":0.14594602584838868,"w":-0.7096055746078491},"size":0.42946159839630129,"orthographic":false}